ts,event,peer,peer_ip,system_id,bind_type,smpp_seq,src,dst,message,ngs_ok,ngs_http,call_id,call_status,call_status_code,note
2026-04-28T06:34:26.669146+00:00,connect,51.79.230.231:44330,51.79.230.231,,,,,,,,,,,,
2026-04-28T06:34:26.669350+00:00,ip_denied,51.79.230.231:44330,51.79.230.231,system,TRX,1,,,,,,,,,
2026-04-28T06:34:26.669513+00:00,disconnect,51.79.230.231:44330,51.79.230.231,,,,,,,,,,,,
2026-04-28T06:35:48.822485+00:00,connect,51.79.230.231:45012,51.79.230.231,,,,,,,,,,,,
2026-04-28T06:35:48.969591+00:00,bind,51.79.230.231:45012,51.79.230.231,system,TRX,1,,,,True,,,,,OK
2026-04-28T06:35:48.969680+00:00,submit_sm,51.79.230.231:45012,51.79.230.231,system,,2,1000,1012,G-241652 is your GOOGLE verification code. Don't share your code with anyone.,,,,,,registered_delivery=0x01
2026-04-28T06:35:49.764540+00:00,submit_sm_resp,51.79.230.231:45012,51.79.230.231,system,,2,1000,1012,,True,200,12a83ea7-cb9f-4da6-9f84-bec30e15677c,,,ok
2026-04-28T06:36:49.824518+00:00,unbind,51.79.230.231:45012,51.79.230.231,system,,8,,,,,,,,,
2026-04-28T06:36:49.826316+00:00,disconnect,51.79.230.231:45012,51.79.230.231,system,,,,,,,,,,,
2026-04-28T07:04:41.534900+00:00,connect,51.79.230.231:34338,51.79.230.231,,,,,,,,,,,,
2026-04-28T07:04:41.665380+00:00,bind,51.79.230.231:34338,51.79.230.231,system,TRX,1,,,,True,,,,,OK
2026-04-28T07:04:41.665463+00:00,submit_sm,51.79.230.231:34338,51.79.230.231,system,,2,1000,1012,Your OTP is 123456,,,,,,registered_delivery=0x01
2026-04-28T07:04:42.149964+00:00,submit_sm_resp,51.79.230.231:34338,51.79.230.231,system,,2,1000,1012,,True,200,e32a748d-9c07-4922-bc75-471789a6c8c7,,,ok
2026-04-28T07:05:42.210456+00:00,unbind,51.79.230.231:34338,51.79.230.231,system,,8,,,,,,,,,
2026-04-28T07:05:42.211790+00:00,disconnect,51.79.230.231:34338,51.79.230.231,system,,,,,,,,,,,
2026-04-28T07:11:35.098759+00:00,connect,51.79.230.231:40060,51.79.230.231,,,,,,,,,,,,
2026-04-28T07:11:35.245065+00:00,bind,51.79.230.231:40060,51.79.230.231,system,TRX,1,,,,True,,,,,OK
2026-04-28T07:11:35.245134+00:00,submit_sm,51.79.230.231:40060,51.79.230.231,system,,2,1000,1012,Your OTP is 123456,,,,,,registered_delivery=0x01
2026-04-28T07:11:36.090405+00:00,submit_sm_resp,51.79.230.231:40060,51.79.230.231,system,,2,1000,1012,,True,200,e1589276-ec8d-42e1-8fbf-2a48ec44d328,,,ok
2026-04-28T07:12:03.850916+00:00,connect,51.79.230.231:40490,51.79.230.231,,,,,,,,,,,,
2026-04-28T07:12:03.983682+00:00,bind,51.79.230.231:40490,51.79.230.231,system,TRX,1,,,,True,,,,,OK
2026-04-28T07:12:03.983821+00:00,submit_sm,51.79.230.231:40490,51.79.230.231,system,,2,1000,1012,Your OTP is 123456,,,,,,registered_delivery=0x01
2026-04-28T07:12:04.889960+00:00,submit_sm_resp,51.79.230.231:40490,51.79.230.231,system,,2,1000,1012,,True,200,e55700dc-cd39-4213-a888-224cdc5e1301,,,ok
2026-04-28T07:12:04.919077+00:00,ngs_callback,,,,,,,,,,,e55700dc-cd39-4213-a888-224cdc5e1301,Ringing,1,received
2026-04-28T07:12:04.919323+00:00,ngs_callback,,,,,,,,,,,e55700dc-cd39-4213-a888-224cdc5e1301,Ringing,1,received
2026-04-28T07:12:04.926882+00:00,ngs_callback,,,,,,,,,,,e55700dc-cd39-4213-a888-224cdc5e1301,Dialing,0,received
2026-04-28T07:12:07.637227+00:00,ngs_callback,,,,,,,,,,,e55700dc-cd39-4213-a888-224cdc5e1301,Established,2,received
2026-04-28T07:12:15.920540+00:00,ngs_callback,,,,,,,,,,,e55700dc-cd39-4213-a888-224cdc5e1301,Disconnected,3,received
2026-04-28T07:12:15.920703+00:00,dlr_send,51.79.230.231:40490,51.79.230.231,system,,,1000,1012,,,,e55700dc-cd39-4213-a888-224cdc5e1301,DELIVRD,000,ok
2026-04-28T07:12:15.962471+00:00,unbind,51.79.230.231:40490,51.79.230.231,system,,4,,,,,,,,,
2026-04-28T07:12:15.964108+00:00,disconnect,51.79.230.231:40490,51.79.230.231,system,,,,,,,,,,,
2026-04-28T07:13:10.378980+00:00,connect,51.79.230.231:41350,51.79.230.231,,,,,,,,,,,,
2026-04-28T07:13:10.504050+00:00,bind,51.79.230.231:41350,51.79.230.231,system,TRX,1,,,,True,,,,,OK
2026-04-28T07:13:10.504155+00:00,submit_sm,51.79.230.231:41350,51.79.230.231,system,,2,1000,1012,G-241652 is your GOOGLE verification code. Don't share your code with anyone.,,,,,,registered_delivery=0x01
2026-04-28T07:13:11.269941+00:00,submit_sm_resp,51.79.230.231:41350,51.79.230.231,system,,2,1000,1012,,True,200,46024d13-b84f-435f-a271-ae5f63b3038c,,,ok
2026-04-28T07:13:11.302999+00:00,ngs_callback,,,,,,,,,,,46024d13-b84f-435f-a271-ae5f63b3038c,Dialing,0,received
2026-04-28T07:13:11.305041+00:00,ngs_callback,,,,,,,,,,,46024d13-b84f-435f-a271-ae5f63b3038c,Ringing,1,received
2026-04-28T07:13:11.312722+00:00,ngs_callback,,,,,,,,,,,46024d13-b84f-435f-a271-ae5f63b3038c,Ringing,1,received
2026-04-28T07:13:14.988701+00:00,ngs_callback,,,,,,,,,,,46024d13-b84f-435f-a271-ae5f63b3038c,Established,2,received
2026-04-28T07:13:30.301426+00:00,ngs_callback,,,,,,,,,,,46024d13-b84f-435f-a271-ae5f63b3038c,Disconnected,3,received
2026-04-28T07:13:30.301562+00:00,dlr_send,51.79.230.231:41350,51.79.230.231,system,,,1000,1012,,,,46024d13-b84f-435f-a271-ae5f63b3038c,DELIVRD,000,ok
2026-04-28T07:13:30.342418+00:00,unbind,51.79.230.231:41350,51.79.230.231,system,,4,,,,,,,,,
2026-04-28T07:13:30.343764+00:00,disconnect,51.79.230.231:41350,51.79.230.231,system,,,,,,,,,,,
2026-04-28T07:14:16.698214+00:00,connect,51.79.230.231:42282,51.79.230.231,,,,,,,,,,,,
2026-04-28T07:14:16.838540+00:00,bind,51.79.230.231:42282,51.79.230.231,system,TRX,1,,,,True,,,,,OK
2026-04-28T07:14:16.838776+00:00,submit_sm,51.79.230.231:42282,51.79.230.231,system,,2,1000,1012,Your OTP is 123456,,,,,,registered_delivery=0x01
2026-04-28T07:14:17.318655+00:00,submit_sm_resp,51.79.230.231:42282,51.79.230.231,system,,2,1000,1012,,True,200,db62f416-1beb-498e-8d84-7202209f31e5,,,ok
2026-04-28T07:14:17.349583+00:00,ngs_callback,,,,,,,,,,,db62f416-1beb-498e-8d84-7202209f31e5,Ringing,1,received
2026-04-28T07:14:17.351418+00:00,ngs_callback,,,,,,,,,,,db62f416-1beb-498e-8d84-7202209f31e5,Ringing,1,received
2026-04-28T07:14:17.354184+00:00,ngs_callback,,,,,,,,,,,db62f416-1beb-498e-8d84-7202209f31e5,Dialing,0,received
2026-04-28T07:14:21.312155+00:00,ngs_callback,,,,,,,,,,,db62f416-1beb-498e-8d84-7202209f31e5,Established,2,received
2026-04-28T07:14:29.358128+00:00,ngs_callback,,,,,,,,,,,db62f416-1beb-498e-8d84-7202209f31e5,Disconnected,3,received
2026-04-28T07:14:29.358267+00:00,dlr_send,51.79.230.231:42282,51.79.230.231,system,,,1000,1012,,,,db62f416-1beb-498e-8d84-7202209f31e5,DELIVRD,000,ok
2026-04-28T07:14:29.399433+00:00,unbind,51.79.230.231:42282,51.79.230.231,system,,4,,,,,,,,,
2026-04-28T07:14:29.400921+00:00,disconnect,51.79.230.231:42282,51.79.230.231,system,,,,,,,,,,,
2026-04-28T15:52:50.919768+00:00,connect,51.79.230.231:37428,51.79.230.231,,,,,,,,,,,,
2026-04-28T15:52:51.049292+00:00,bind,51.79.230.231:37428,51.79.230.231,system,TRX,1,,,,True,,,,,OK
2026-04-28T15:52:51.049691+00:00,submit_sm,51.79.230.231:37428,51.79.230.231,system,,2,1000,1012,G-241652 is your GOOGLE verification code. Don't share your code with anyone.,,,,,,registered_delivery=0x01
2026-04-28T15:52:51.848331+00:00,submit_sm_resp,51.79.230.231:37428,51.79.230.231,system,,2,1000,1012,,True,200,bb97e15a-68fa-4f3a-9a67-7cbb679e8c7a,,,ok
2026-04-28T15:52:51.878044+00:00,ngs_callback,,,,,,,,,,,bb97e15a-68fa-4f3a-9a67-7cbb679e8c7a,Ringing,1,received
2026-04-28T15:52:51.878373+00:00,ngs_callback,,,,,,,,,,,bb97e15a-68fa-4f3a-9a67-7cbb679e8c7a,Ringing,1,received
2026-04-28T15:52:51.878917+00:00,ngs_callback,,,,,,,,,,,bb97e15a-68fa-4f3a-9a67-7cbb679e8c7a,Dialing,0,received
2026-04-28T15:52:56.319120+00:00,ngs_callback,,,,,,,,,,,bb97e15a-68fa-4f3a-9a67-7cbb679e8c7a,Established,2,received
2026-04-28T15:53:11.880918+00:00,ngs_callback,,,,,,,,,,,bb97e15a-68fa-4f3a-9a67-7cbb679e8c7a,Disconnected,3,received
2026-04-28T15:53:11.881059+00:00,dlr_send,51.79.230.231:37428,51.79.230.231,system,,,1000,1012,,,,bb97e15a-68fa-4f3a-9a67-7cbb679e8c7a,DELIVRD,000,ok
2026-04-28T15:53:11.922436+00:00,unbind,51.79.230.231:37428,51.79.230.231,system,,5,,,,,,,,,
2026-04-28T15:53:11.923702+00:00,disconnect,51.79.230.231:37428,51.79.230.231,system,,,,,,,,,,,
2026-04-29T16:24:41.453678+00:00,connect,51.79.230.231:43234,51.79.230.231,,,,,,,,,,,,
2026-04-29T16:24:41.580457+00:00,bind,51.79.230.231:43234,51.79.230.231,system,TRX,1,,,,True,,,,,OK
2026-04-29T16:24:41.580878+00:00,submit_sm,51.79.230.231:43234,51.79.230.231,system,,2,1000,1012,G-241652 is your GOOGLE verification code. Don't share your code with anyone.,,,,,,registered_delivery=0x01
2026-04-29T16:24:42.368343+00:00,submit_sm_resp,51.79.230.231:43234,51.79.230.231,system,,2,1000,1012,,True,200,1e860134-d34e-485b-8a40-a05f7ef33fbd,,,ok
2026-04-29T16:24:42.399639+00:00,ngs_callback,,,,,,,,,,,1e860134-d34e-485b-8a40-a05f7ef33fbd,Dialing,0,received
2026-04-29T16:24:42.403121+00:00,ngs_callback,,,,,,,,,,,1e860134-d34e-485b-8a40-a05f7ef33fbd,Ringing,1,received
2026-04-29T16:24:42.403700+00:00,ngs_callback,,,,,,,,,,,1e860134-d34e-485b-8a40-a05f7ef33fbd,Ringing,1,received
2026-04-29T16:24:56.906994+00:00,ngs_callback,,,,,,,,,,,1e860134-d34e-485b-8a40-a05f7ef33fbd,Established,2,received
2026-04-29T16:25:12.414907+00:00,ngs_callback,,,,,,,,,,,1e860134-d34e-485b-8a40-a05f7ef33fbd,Disconnected,3,received
2026-04-29T16:25:12.415089+00:00,dlr_send,51.79.230.231:43234,51.79.230.231,system,,,1000,1012,,,,1e860134-d34e-485b-8a40-a05f7ef33fbd,DELIVRD,000,ok
2026-04-29T16:25:12.456424+00:00,unbind,51.79.230.231:43234,51.79.230.231,system,,6,,,,,,,,,
2026-04-29T16:25:12.458247+00:00,disconnect,51.79.230.231:43234,51.79.230.231,system,,,,,,,,,,,
